#
# TABLE STRUCTURE FOR: admin_groups
#

DROP TABLE IF EXISTS `admin_groups`;

CREATE TABLE `admin_groups` (
  `id` mediumint(8) unsigned NOT NULL AUTO_INCREMENT,
  `name` varchar(20) NOT NULL,
  `description` varchar(100) NOT NULL,
  PRIMARY KEY (`id`)
) ENGINE=InnoDB AUTO_INCREMENT=5 DEFAULT CHARSET=utf8;

INSERT INTO `admin_groups` (`id`, `name`, `description`) VALUES ('1', 'webmaster', 'Webmaster');
INSERT INTO `admin_groups` (`id`, `name`, `description`) VALUES ('2', 'admin', 'Administrator');
INSERT INTO `admin_groups` (`id`, `name`, `description`) VALUES ('3', 'manager', 'Manager');
INSERT INTO `admin_groups` (`id`, `name`, `description`) VALUES ('4', 'staff', 'Staff');


#
# TABLE STRUCTURE FOR: admin_login_attempts
#

DROP TABLE IF EXISTS `admin_login_attempts`;

CREATE TABLE `admin_login_attempts` (
  `id` int(11) unsigned NOT NULL AUTO_INCREMENT,
  `ip_address` varchar(15) NOT NULL,
  `login` varchar(100) NOT NULL,
  `time` int(11) unsigned DEFAULT NULL,
  PRIMARY KEY (`id`)
) ENGINE=InnoDB DEFAULT CHARSET=utf8;

#
# TABLE STRUCTURE FOR: admin_users
#

DROP TABLE IF EXISTS `admin_users`;

CREATE TABLE `admin_users` (
  `id` int(11) unsigned NOT NULL AUTO_INCREMENT,
  `ip_address` varchar(15) NOT NULL,
  `username` varchar(100) DEFAULT NULL,
  `password` varchar(255) NOT NULL,
  `salt` varchar(255) DEFAULT NULL,
  `email` varchar(100) DEFAULT NULL,
  `activation_code` varchar(40) DEFAULT NULL,
  `forgotten_password_code` varchar(40) DEFAULT NULL,
  `forgotten_password_time` int(11) unsigned DEFAULT NULL,
  `remember_code` varchar(40) DEFAULT NULL,
  `created_on` int(11) unsigned NOT NULL,
  `last_login` int(11) unsigned DEFAULT NULL,
  `active` tinyint(1) unsigned DEFAULT NULL,
  `first_name` varchar(50) DEFAULT NULL,
  `last_name` varchar(50) DEFAULT NULL,
  PRIMARY KEY (`id`)
) ENGINE=InnoDB AUTO_INCREMENT=5 DEFAULT CHARSET=utf8;

INSERT INTO `admin_users` (`id`, `ip_address`, `username`, `password`, `salt`, `email`, `activation_code`, `forgotten_password_code`, `forgotten_password_time`, `remember_code`, `created_on`, `last_login`, `active`, `first_name`, `last_name`) VALUES ('1', '127.0.0.1', 'webmaster', '$2y$08$/X5gzWjesYi78GqeAv5tA.dVGBVP7C1e1PzqnYCVe5s1qhlDIPPES', NULL, NULL, NULL, NULL, NULL, NULL, '1451900190', '1484296411', '1', 'Webmaster', '');
INSERT INTO `admin_users` (`id`, `ip_address`, `username`, `password`, `salt`, `email`, `activation_code`, `forgotten_password_code`, `forgotten_password_time`, `remember_code`, `created_on`, `last_login`, `active`, `first_name`, `last_name`) VALUES ('2', '127.0.0.1', 'admin', '$2y$08$7Bkco6JXtC3Hu6g9ngLZDuHsFLvT7cyAxiz1FzxlX5vwccvRT7nKW', NULL, NULL, NULL, NULL, NULL, NULL, '1451900228', '1484294883', '1', 'Admin', '');
INSERT INTO `admin_users` (`id`, `ip_address`, `username`, `password`, `salt`, `email`, `activation_code`, `forgotten_password_code`, `forgotten_password_time`, `remember_code`, `created_on`, `last_login`, `active`, `first_name`, `last_name`) VALUES ('3', '127.0.0.1', 'manager', '$2y$08$snzIJdFXvg/rSHe0SndIAuvZyjktkjUxBXkrrGdkPy1K6r5r/dMLa', NULL, NULL, NULL, NULL, NULL, NULL, '1451900430', '1484294914', '1', 'Manager', '');
INSERT INTO `admin_users` (`id`, `ip_address`, `username`, `password`, `salt`, `email`, `activation_code`, `forgotten_password_code`, `forgotten_password_time`, `remember_code`, `created_on`, `last_login`, `active`, `first_name`, `last_name`) VALUES ('4', '127.0.0.1', 'staff', '$2y$08$NigAXjN23CRKllqe3KmjYuWXD5iSRPY812SijlhGeKfkrMKde9da6', NULL, NULL, NULL, NULL, NULL, NULL, '1451900439', '1483085087', '1', 'Staff', '');


#
# TABLE STRUCTURE FOR: admin_users_groups
#

DROP TABLE IF EXISTS `admin_users_groups`;

CREATE TABLE `admin_users_groups` (
  `id` int(11) unsigned NOT NULL AUTO_INCREMENT,
  `user_id` int(11) unsigned NOT NULL,
  `group_id` mediumint(8) unsigned NOT NULL,
  PRIMARY KEY (`id`)
) ENGINE=InnoDB AUTO_INCREMENT=5 DEFAULT CHARSET=utf8;

INSERT INTO `admin_users_groups` (`id`, `user_id`, `group_id`) VALUES ('1', '1', '1');
INSERT INTO `admin_users_groups` (`id`, `user_id`, `group_id`) VALUES ('2', '2', '2');
INSERT INTO `admin_users_groups` (`id`, `user_id`, `group_id`) VALUES ('3', '3', '3');
INSERT INTO `admin_users_groups` (`id`, `user_id`, `group_id`) VALUES ('4', '4', '4');


#
# TABLE STRUCTURE FOR: api_access
#

DROP TABLE IF EXISTS `api_access`;

CREATE TABLE `api_access` (
  `id` int(11) unsigned NOT NULL AUTO_INCREMENT,
  `key` varchar(40) NOT NULL DEFAULT '',
  `controller` varchar(50) NOT NULL DEFAULT '',
  `date_created` datetime DEFAULT NULL,
  `date_modified` timestamp NOT NULL DEFAULT CURRENT_TIMESTAMP ON UPDATE CURRENT_TIMESTAMP,
  PRIMARY KEY (`id`)
) ENGINE=InnoDB DEFAULT CHARSET=utf8;

#
# TABLE STRUCTURE FOR: api_keys
#

DROP TABLE IF EXISTS `api_keys`;

CREATE TABLE `api_keys` (
  `id` int(11) NOT NULL AUTO_INCREMENT,
  `user_id` int(11) NOT NULL,
  `key` varchar(40) NOT NULL,
  `level` int(2) NOT NULL,
  `ignore_limits` tinyint(1) NOT NULL DEFAULT '0',
  `is_private_key` tinyint(1) NOT NULL DEFAULT '0',
  `ip_addresses` text,
  `date_created` int(11) NOT NULL,
  PRIMARY KEY (`id`)
) ENGINE=InnoDB AUTO_INCREMENT=2 DEFAULT CHARSET=utf8;

INSERT INTO `api_keys` (`id`, `user_id`, `key`, `level`, `ignore_limits`, `is_private_key`, `ip_addresses`, `date_created`) VALUES ('1', '0', 'anonymous', '1', '1', '0', NULL, '1463388382');


#
# TABLE STRUCTURE FOR: api_limits
#

DROP TABLE IF EXISTS `api_limits`;

CREATE TABLE `api_limits` (
  `id` int(11) NOT NULL AUTO_INCREMENT,
  `uri` varchar(255) NOT NULL,
  `count` int(10) NOT NULL,
  `hour_started` int(11) NOT NULL,
  `api_key` varchar(40) NOT NULL,
  PRIMARY KEY (`id`)
) ENGINE=InnoDB DEFAULT CHARSET=utf8;

#
# TABLE STRUCTURE FOR: api_logs
#

DROP TABLE IF EXISTS `api_logs`;

CREATE TABLE `api_logs` (
  `id` int(11) NOT NULL AUTO_INCREMENT,
  `uri` varchar(255) NOT NULL,
  `method` varchar(6) NOT NULL,
  `params` text,
  `api_key` varchar(40) NOT NULL,
  `ip_address` varchar(45) NOT NULL,
  `time` int(11) NOT NULL,
  `rtime` float DEFAULT NULL,
  `authorized` varchar(1) NOT NULL,
  `response_code` smallint(3) DEFAULT '0',
  PRIMARY KEY (`id`)
) ENGINE=InnoDB DEFAULT CHARSET=utf8;

#
# TABLE STRUCTURE FOR: groups
#

DROP TABLE IF EXISTS `groups`;

CREATE TABLE `groups` (
  `id` mediumint(8) unsigned NOT NULL AUTO_INCREMENT,
  `name` varchar(20) NOT NULL,
  `description` varchar(100) NOT NULL,
  PRIMARY KEY (`id`)
) ENGINE=InnoDB AUTO_INCREMENT=2 DEFAULT CHARSET=utf8;

INSERT INTO `groups` (`id`, `name`, `description`) VALUES ('1', 'Staff', 'General User');


#
# TABLE STRUCTURE FOR: login_attempts
#

DROP TABLE IF EXISTS `login_attempts`;

CREATE TABLE `login_attempts` (
  `id` int(11) unsigned NOT NULL AUTO_INCREMENT,
  `ip_address` varchar(15) NOT NULL,
  `login` varchar(100) NOT NULL,
  `time` int(11) unsigned DEFAULT NULL,
  PRIMARY KEY (`id`)
) ENGINE=InnoDB DEFAULT CHARSET=utf8;

#
# TABLE STRUCTURE FOR: mv_paybills
#

DROP TABLE IF EXISTS `mv_paybills`;

CREATE TABLE `mv_paybills` (
  `id` int(11) NOT NULL AUTO_INCREMENT,
  `transaction_type` varchar(256) NOT NULL,
  `transaction_id` int(11) NOT NULL,
  `transaction_time` datetime NOT NULL,
  `transaction_amount` int(11) NOT NULL,
  `business_shortcode` varchar(15) NOT NULL,
  `bill_reference_number` varchar(15) NOT NULL,
  `organisation_account_balance` int(11) NOT NULL,
  `phonenumber` int(11) NOT NULL,
  `firstname` varchar(256) NOT NULL,
  `lastname` varchar(256) NOT NULL,
  `date_added` date NOT NULL,
  `sender_ip_address` varchar(15) NOT NULL,
  PRIMARY KEY (`id`)
) ENGINE=InnoDB AUTO_INCREMENT=5 DEFAULT CHARSET=latin1;

INSERT INTO `mv_paybills` (`id`, `transaction_type`, `transaction_id`, `transaction_time`, `transaction_amount`, `business_shortcode`, `bill_reference_number`, `organisation_account_balance`, `phonenumber`, `firstname`, `lastname`, `date_added`, `sender_ip_address`) VALUES ('1', 'PayBill', '2147483647', '2014-02-27 08:20:20', '123', '12345', '0', '12345', '2147483647', 'Hoiyor', 'Hoiyor', '2017-01-12', '192.168.9.149');
INSERT INTO `mv_paybills` (`id`, `transaction_type`, `transaction_id`, `transaction_time`, `transaction_amount`, `business_shortcode`, `bill_reference_number`, `organisation_account_balance`, `phonenumber`, `firstname`, `lastname`, `date_added`, `sender_ip_address`) VALUES ('2', 'PayBill', '2147483647', '2014-02-27 08:20:20', '123', '12345', '0', '12345', '2147483647', 'Hoiyor', 'Hoiyor', '2017-01-12', '192.168.9.149');
INSERT INTO `mv_paybills` (`id`, `transaction_type`, `transaction_id`, `transaction_time`, `transaction_amount`, `business_shortcode`, `bill_reference_number`, `organisation_account_balance`, `phonenumber`, `firstname`, `lastname`, `date_added`, `sender_ip_address`) VALUES ('3', 'PayBill', '2147483647', '2014-02-27 08:20:20', '123', '12345', 'Tx1001', '12345', '2147483647', 'Hoiyor', 'Hoiyor', '2017-01-12', '192.168.9.149');
INSERT INTO `mv_paybills` (`id`, `transaction_type`, `transaction_id`, `transaction_time`, `transaction_amount`, `business_shortcode`, `bill_reference_number`, `organisation_account_balance`, `phonenumber`, `firstname`, `lastname`, `date_added`, `sender_ip_address`) VALUES ('4', 'PayBill', '2147483647', '2014-02-27 08:20:20', '123', '12345', 'Tx1001', '12345', '2147483647', 'Hoiyor', 'Hoiyor', '2017-01-12', '192.168.9.149');


#
# TABLE STRUCTURE FOR: transaction_tbl
#

DROP TABLE IF EXISTS `transaction_tbl`;

CREATE TABLE `transaction_tbl` (
  `id` int(11) NOT NULL AUTO_INCREMENT,
  `transaction_type` varchar(256) NOT NULL,
  `transaction_id` int(11) NOT NULL,
  `transaction_time` datetime NOT NULL,
  `transaction_amount` int(11) NOT NULL,
  `business_shortcode` int(11) NOT NULL,
  `bill_reference_number` int(11) NOT NULL,
  `organisation_account_balance` int(11) NOT NULL,
  `msisdn` int(11) NOT NULL,
  `firstname` varchar(256) NOT NULL,
  `lastname` varchar(256) NOT NULL,
  `sender_id_address` int(11) NOT NULL,
  PRIMARY KEY (`id`)
) ENGINE=InnoDB DEFAULT CHARSET=latin1;

#
# TABLE STRUCTURE FOR: users
#

DROP TABLE IF EXISTS `users`;

CREATE TABLE `users` (
  `id` int(11) unsigned NOT NULL AUTO_INCREMENT,
  `ip_address` varchar(15) NOT NULL,
  `username` varchar(100) DEFAULT NULL,
  `password` varchar(255) NOT NULL,
  `salt` varchar(255) DEFAULT NULL,
  `email` varchar(100) NOT NULL,
  `activation_code` varchar(40) DEFAULT NULL,
  `forgotten_password_code` varchar(40) DEFAULT NULL,
  `forgotten_password_time` int(11) unsigned DEFAULT NULL,
  `remember_code` varchar(40) DEFAULT NULL,
  `created_on` int(11) unsigned NOT NULL,
  `last_login` int(11) unsigned DEFAULT NULL,
  `active` tinyint(1) unsigned DEFAULT NULL,
  `first_name` varchar(50) DEFAULT NULL,
  `last_name` varchar(50) DEFAULT NULL,
  `company` varchar(100) DEFAULT NULL,
  `phone` varchar(20) DEFAULT NULL,
  PRIMARY KEY (`id`)
) ENGINE=InnoDB AUTO_INCREMENT=3 DEFAULT CHARSET=utf8;

INSERT INTO `users` (`id`, `ip_address`, `username`, `password`, `salt`, `email`, `activation_code`, `forgotten_password_code`, `forgotten_password_time`, `remember_code`, `created_on`, `last_login`, `active`, `first_name`, `last_name`, `company`, `phone`) VALUES ('1', '127.0.0.1', 'member', '$2y$08$kkqUE2hrqAJtg.pPnAhvL.1iE7LIujK5LZ61arONLpaBBWh/ek61G', NULL, 'member@member.com', NULL, NULL, NULL, NULL, '1451903855', '1451905011', '1', 'Member', 'One', NULL, NULL);
INSERT INTO `users` (`id`, `ip_address`, `username`, `password`, `salt`, `email`, `activation_code`, `forgotten_password_code`, `forgotten_password_time`, `remember_code`, `created_on`, `last_login`, `active`, `first_name`, `last_name`, `company`, `phone`) VALUES ('2', '127.0.0.1', 'Innocent', '$2y$08$LwWrDzhrcc6hZXkxJV0GhexGqsp5AyVZJtdBO7Cc1p7TTKODAPXp2', NULL, 'innocentlawi@gmail.com', NULL, NULL, NULL, NULL, '1483012332', NULL, '1', 'Lawi', 'Inno', NULL, NULL);


#
# TABLE STRUCTURE FOR: users_groups
#

DROP TABLE IF EXISTS `users_groups`;

CREATE TABLE `users_groups` (
  `id` int(11) unsigned NOT NULL AUTO_INCREMENT,
  `user_id` int(11) unsigned NOT NULL,
  `group_id` mediumint(8) unsigned NOT NULL,
  PRIMARY KEY (`id`)
) ENGINE=InnoDB AUTO_INCREMENT=3 DEFAULT CHARSET=utf8;

INSERT INTO `users_groups` (`id`, `user_id`, `group_id`) VALUES ('1', '1', '1');
INSERT INTO `users_groups` (`id`, `user_id`, `group_id`) VALUES ('2', '2', '1');


